{
  "train_loss": [
    156.44859720808324,
    120.18862290582925,
    66.66033136064762,
    21.49301274747492,
    9.430387034594455,
    5.748796319850137,
    5.3814806676356595,
    5.324751853942871,
    5.048706495873282,
    4.060807396318311,
    3.503763812724675,
    2.965561526122494,
    2.2140684027538122,
    1.60404306399488,
    1.1825006896647337,
    0.6008772070162764,
    0.42913088411371286,
    0.3614088690308767,
    0.3559302292137502,
    0.3496061615019201,
    0.3060588449518257,
    0.28545838218426034,
    0.2967185476255194,
    0.2896697099938571,
    0.2719147809058706,
    0.2501171396993031,
    0.25978079821183303,
    0.2638871721992983,
    0.26668188595604675,
    0.26941205749166347,
    0.24829253181815147,
    0.25351585733277776,
    0.24227789566617144,
    0.2476142572465344,
    0.2500733863040109,
    0.23738174669653456,
    0.21333401051358641,
    0.24581069234654168,
    0.21693629729692068,
    0.21925441934683612,
    0.23096393156692246,
    0.20501550182560893,
    0.1921894207039726,
    0.20048921398609598,
    0.20468521591658903,
    0.18207670831791709,
    0.18036666439376145,
    0.16642989078971826,
    0.18778370874368142,
    0.17444672715789247,
    0.17397390184140651,
    0.1758347085772831,
    0.17644623823672811,
    0.159779718511294,
    0.16033797195860158,
    0.1684450343181597,
    0.15667254007726072,
    0.14401326466038405,
    0.14637561682089467,
    0.1634159714296878,
    0.1481772692195166,
    0.14579934128951805,
    0.1508010645684238,
    0.13949299091908418,
    0.1441011188952165,
    0.1396368551198567,
    0.14515347784889915,
    0.13327971677008632,
    0.1182318677272752,
    0.12257365591684792,
    0.1247626740102456,
    0.12931232794980022,
    0.12565124501413275,
    0.1323073192142716,
    0.10598779380948187,
    0.12386810062366112,
    0.11481388705286467,
    0.11404922602820063,
    0.10974397983784988,
    0.12214422022279735,
    0.12109243164761602,
    0.10703988157421629,
    0.11091393602263426,
    0.10583151323355247,
    0.10783257669656077,
    0.09725494233665065,
    0.10156874022681579,
    0.10714579787906085,
    0.1007610898308247,
    0.11055345227506673
  ],
  "train_acc": [
    0.5128504672897196,
    0.5070093457943925,
    0.5274532710280374,
    0.592873831775701,
    0.6559579439252337,
    0.7038551401869159,
    0.7167056074766355,
    0.701518691588785,
    0.7026869158878505,
    0.7149532710280374,
    0.7202102803738317,
    0.709696261682243,
    0.7365654205607477,
    0.7535046728971962,
    0.7383177570093458,
    0.7517523364485982,
    0.7622663551401869,
    0.7792056074766355,
    0.7716121495327103,
    0.7587616822429907,
    0.804322429906542,
    0.8300233644859814,
    0.8142523364485982,
    0.8300233644859814,
    0.8376168224299065,
    0.860981308411215,
    0.8417056074766355,
    0.8615654205607477,
    0.8498831775700935,
    0.8481308411214953,
    0.8563084112149533,
    0.8516355140186916,
    0.8592289719626168,
    0.8639018691588785,
    0.8615654205607477,
    0.8644859813084113,
    0.8872663551401869,
    0.866822429906542,
    0.8796728971962616,
    0.8814252336448598,
    0.8679906542056075,
    0.893107476635514,
    0.8948598130841121,
    0.8884345794392523,
    0.8901869158878505,
    0.9012850467289719,
    0.907126168224299,
    0.9176401869158879,
    0.9059579439252337,
    0.9147196261682243,
    0.9100467289719626,
    0.9158878504672897,
    0.9088785046728972,
    0.9223130841121495,
    0.9351635514018691,
    0.9182242990654206,
    0.9264018691588785,
    0.9322429906542056,
    0.929322429906542,
    0.9240654205607477,
    0.9322429906542056,
    0.9357476635514018,
    0.9246495327102804,
    0.9258177570093458,
    0.9345794392523364,
    0.9328271028037384,
    0.9304906542056075,
    0.9357476635514018,
    0.9427570093457944,
    0.9485981308411215,
    0.9439252336448598,
    0.9421728971962616,
    0.9445093457943925,
    0.9410046728971962,
    0.951518691588785,
    0.9427570093457944,
    0.9480140186915887,
    0.9538551401869159,
    0.9503504672897196,
    0.9398364485981309,
    0.9497663551401869,
    0.9561915887850467,
    0.9532710280373832,
    0.9550233644859814,
    0.9561915887850467,
    0.9620327102803738,
    0.9550233644859814,
    0.9561915887850467,
    0.9550233644859814,
    0.9526869158878505
  ],
  "val_loss": [
    66.24355842367463,
    31.722176608831987,
    22.953911094561867,
    2.6090158606353016,
    1.457838108358176,
    1.087640708555346,
    1.0215669141515442,
    5.662073955587719,
    1.002418266042419,
    0.8148943966497546,
    0.5424532362300417,
    0.5234445631504059,
    0.3527895769347315,
    0.4015663262942563,
    0.28483389674321463,
    0.27728499925654865,
    0.27258316848589026,
    0.2746506644331891,
    0.2339508688968161,
    0.23425330027290012,
    0.2207318673963132,
    0.20958080952582153,
    0.1955459299294845,
    0.2112498296343762,
    0.1964645372784656,
    0.20641516489179237,
    0.19029065027185108,
    0.19611523510969203,
    0.22639698421825533,
    0.19635830268911694,
    0.20718584323058958,
    0.2195937431052975,
    0.18607961192079212,
    0.16995123239315074,
    0.17609569235988284,
    0.14617799886542818,
    0.18854686893198802,
    0.1762709214311579,
    0.19462722353637218,
    0.15524881908103175,
    0.1557381166064221,
    0.17716999967461047,
    0.14542118314167726,
    0.17412147509015125,
    0.16828627584745054,
    0.14078680409685426,
    0.16966553097185882,
    0.18943742541191372,
    0.16883709160206112,
    0.19046151314092719,
    0.15008499327561128,
    0.15354284117727177,
    0.16813331121659797,
    0.1536951962372531,
    0.15618978554139967,
    0.13153615002722843,
    0.13740991614758968,
    0.1482788485110454,
    0.15005216087498094,
    0.15450597222408521,
    0.1271630059927702,
    0.14990108277972625,
    0.1543702399763076,
    0.15853361352144377,
    0.14328527612530667,
    0.18361679748024629,
    0.13502720864894596,
    0.1471301471490575,
    0.14684095460435617,
    0.15187233192441257,
    0.16824307871739502,
    0.17422290915704292,
    0.13740621596250846,
    0.1555897948615577,
    0.12454128763435976,
    0.13904823002445957,
    0.13610861377547617,
    0.15288444126591735,
    0.15460364512451316,
    0.14460941711845604,
    0.14718143844410128,
    0.13883145084685605,
    0.1414727041416842,
    0.14364714511548696,
    0.13958078817180966,
    0.13823444015629913,
    0.15191137316920186,
    0.13318129831358141,
    0.14136999270514303,
    0.14932122662582475
  ],