{
  "train_loss": [
    155.79570058517368,
    151.01275495196057,
    119.96702919440848,
    83.793012243565,
    59.27390446367665,
    41.48135240557038,
    32.79020483666491,
    15.213844587869733,
    5.857912376662281,
    5.688953138957514,
    4.614105980529963,
    4.227792768834908,
    3.8951332134621164,
    3.7782514217858,
    3.246435745854244,
    3.0531743508633054,
    3.26028349772792,
    2.2252335665381957,
    2.2137931329067624,
    1.8366685008334223,
    1.4426723927537972,
    1.1860841426336877,
    1.1307256725903982,
    0.6871942400096733,
    0.5174434681501344,
    0.38737463923258203,
    0.32962452780420537,
    0.3164382414004513,
    0.3022743868772115,
    0.25361076449957964,
    0.26013332786404086,
    0.2694934646938449,
    0.2699790422186673,
    0.2582137243143309,
    0.2568705760151426,
    0.25176167244387565,
    0.25313526593914654,
    0.2577992647050697,
    0.2679424690448235,
    0.24893197208364434,
    0.2481965336287133,
    0.25412063540838586,
    0.23908525078653176,
    0.23448970677139602,
    0.21908043154349952,
    0.2353270268328836
  ],
  "train_acc": [
    0.508177570093458,
    0.5035046728971962,
    0.5070093457943925,
    0.5116822429906542,
    0.540303738317757,
    0.5601635514018691,
    0.6004672897196262,
    0.6565420560747663,
    0.7161214953271028,
    0.7143691588785047,
    0.7137850467289719,
    0.7248831775700935,
    0.7295560747663551,
    0.7155373831775701,
    0.7108644859813084,
    0.7213785046728972,
    0.7026869158878505,
    0.7242990654205608,
    0.7377336448598131,
    0.7447429906542056,
    0.7564252336448598,
    0.764018691588785,
    0.7429906542056075,
    0.7610981308411215,
    0.7616822429906542,
    0.7651869158878505,
    0.7827102803738317,
    0.7967289719626168,
    0.8136682242990654,
    0.860981308411215,
    0.8516355140186916,
    0.8393691588785047,
    0.8469626168224299,
    0.8463785046728972,
    0.8557242990654206,
    0.8457943925233645,
    0.852803738317757,
    0.8615654205607477,
    0.8434579439252337,
    0.8580607476635514,
    0.8510514018691588,
    0.856892523364486,
    0.8586448598130841,
    0.8685747663551402,
    0.884929906542056,
    0.8761682242990654
  ],
  "val_loss": [
    355.07361313700676,
    46951.55459328968,
    776.4544970211775,
    1994.1418857548547,
    272.4743088146915,
    4070.4893585903487,
    31.699350603248764,
    2.9488045819427655,
    1.8104654945757077,
    1.2510756536022476,
    0.8126599069522775,
    0.7511067694943884,
    0.7410337643130965,
    0.7205041630760484,
    1.576770411885303,
    0.5553462443792302,
    0.526119510764661,
    0.5653047845091509,
    0.42450853113247,
    0.4055799893710924,
    0.38037554498599924,
    0.3787031931721646,
    0.34941258961739746,
    0.29687717233015143,
    0.27524223988470825,
    0.267850196879843,
    0.2160076978413955,
    0.23533856739168582,
    0.2418491221640421,
    0.18764861689313597,
    0.18810193791337634,
    0.21555742297483527,
    0.2204951511129089,
    0.18783391169879748,
    0.2111741327073263,
    0.21039712914954062,
    0.19991003511392552,
    0.2002042583797289,
    0.22356165459622507,
    0.20156213382016058,
    0.19006186950465906,
    0.20281481580889743,
    0.18637088670030885,
    0.18034036052615746,
    0.19698850405604942,
    0.19126208158938782
  ],
  "val_acc": [
    0.5136612021857924,
    0.5355191256830601,
    0.5081967213114754,
    0.5,
    0.6721311475409836,
    0.8142076502732241,
    0.7459016393442623,
    0.7595628415300546,
    0.8469945355191257,
    0.8169398907103825,
    0.8387978142076503,
    0.8333333333333334,
    0.860655737704918,
    0.8306010928961749,
    0.7923497267759563,
    0.8442622950819673,
    0.8497267759562842,
    0.8633879781420765,
    0.855191256830601,
    0.8633879781420765,
    0.8278688524590164,
    0.8633879781420765,
    0.8387978142076503,
    0.8278688524590164,
    0.8278688524590164,
    0.819672131147541,
    0.8633879781420765,
    0.8333333333333334,
    0.8524590163934426,
    0.8907103825136612,
    0.8961748633879781,
    0.860655737704918,
    0.8633879781420765,
    0.8934426229508197,
    0.8661202185792349,
    0.8633879781420765,
    0.8797814207650273,
    0.8743169398907104,
    0.8497267759562842,
    0.8770491803278688,
    0.8852459016393442,
    0.8743169398907104,
    0.8743169398907104,
    0.8961748633879781,
    0.8825136612021858,
    0.8797814207650273
  ],
  "val_auc": [
    0.4702738212547404,
    0.5621845979276777,
    0.5187076353429485,
    0.6167995461196213,
    0.7391083639403984,
    0.8702857654752307,
    0.7856908238526084,
    0.8244796798948908,
    0.9110155573471886,
    0.8811550061214131,
    0.9035504195407447,
    0.8987727313446207,
    0.90125115709636,
    0.8727641912269701,
    0.8771238317059333,
    0.8984442652811372,
    0.9014601809549405,
    0.9057003792290006,
    0.9082683866344173,
    0.9183015318462779,
    0.8936367165337872,
    0.9169578070411181,
    0.9117023500253814,
    0.8874555824300516,
    0.9013407387500374,
    0.950371763862761,
    0.9658096688464868,
    0.967929767983517,
    0.9611514228552659,
    0.9757233718534444,
    0.9711547075159008,
    0.9707067992475141,
    0.9645853862462301,
    0.9797246857176983,
    0.9778733315417003,
    0.9658096688464868,
    0.970975544208546,
    0.9712741497208038,
    0.975365045238735,
    0.9742004837409298,
    0.9762608617755083,
    0.9631819403386187,
    0.9815163187912448,
    0.9826808802890502,
    0.9768580728000239,
    0.9696318194033862
  ],
  "learning_rates": [
    0.0009997535269026829,
    0.0009990143508499217,
    0.0009977832013192385,
    0.0009960612933065818,
    0.0009938503261272714,
    0.00099115248173898,
    0.0009879704225884043,
    0.0009843072889837512,
    0.000980166695995633,
    0.0009755527298894294,
    0.0009704699440926358,
    0.0009649233547011817,
    0.0009589184355291487,
    0.000952461112706777,
    0.00094555775883209,
    0.0009382151866819101,
    0.0009304406424884702,
    0.000922241798788257,
    0.0009136267468501441,
    0.0009046039886902867,
    0.0008951824286816577,
    0.0008853713647665071,
    0.0008751804792804149,
    0.0008646198293969954,
    0.0008536998372026807,
    0.0008424312794113804,
    0.0008308252767291644,
    0.0008188932828794708,
    0.0008066470732996621,
    0.0007940987335200907,
    0.0007812606472371396,
    0.0007681454840920091,
    0.0007547661871673109,
    0.0007411359602138072,
    0.000727268254619904,
    0.0007131767561367542,
    0.0006988753713720732,
    0.000684378214065997,
    0.0006696995911625234,
    0.0006548539886902865,
    0.0006398560574665953,
    0.0006247205986388451,
    0.0006094625490775733,
    0.0005940969666355698,
    0.0005786390152875956,
    0.0005631039501653703
  ]
}