{
  "train_loss": [
    129.53350473564362,
    29.990399125023423,
    14.67047975887762,
    9.260712786255596,
    6.970496221959034,
    6.517270560576537,
    4.731247775465529,
    1.8797136339071756,
    0.9439412073415017,
    0.37690096550455715,
    0.35386838631652223,
    0.3202442514283635,
    0.28910205513238907,
    0.2853261507420896,
    0.2869406104366356,
    0.2788364674861186,
    0.2844414445702161,
    0.2671421482880539,
    0.2572670297644963,
    0.2667655335547768,
    0.2466079619861095,
    0.260567058400016,
    0.25301689842594005,
    0.25496325063928266,
    0.24188759536525914,
    0.23262924589564868,
    0.24858262543087808,
    0.22861183069158938,
    0.2327930387631755,
    0.2137947235012723,
    0.20919679369881888,
    0.2054328020209464,
    0.2104015830103482,
    0.18679593858596322,
    0.1810777866603615,
    0.18060620679198025,
    0.17209941871185727,
    0.16749596191900912,
    0.15326677687535775,
    0.1654013114345965,
    0.15798541370814093,
    0.14639703466374182,
    0.1390805255412777,
    0.12619260104947558,
    0.1428423166692814,
    0.11859956912905256,
    0.11925303810667769,
    0.11995755752252642,
    0.10646121776619247,
    0.11339509462781042,
    0.09668067310040242,
    0.1074832585927482,
    0.10063780849433948,
    0.09256987682778701,
    0.10361570979807978,
    0.09717377788761508,
    0.08495443298646779,
    0.08432426603040963,
    0.07974127229198674,
    0.0911482460970912,
    0.08401822023720384,
    0.0825974892163388,
    0.07027906350025506,
    0.08659635362363308,
    0.0665999332216577,
    0.0740242243404979,
    0.059822373370700906,
    0.06793701730529282,
    0.05831394276677448,
    0.06363154375037858,
    0.06523091213725438,
    0.07364924974461025,
    0.06468135175060168,
    0.06632177614406726,
    0.06682816068598321,
    0.063298344368411,
    0.05358567818233343
  ],
  "train_acc": [
    0.540303738317757,
    0.6466121495327103,
    0.6816588785046729,
    0.7231308411214953,
    0.7126168224299065,
    0.7120327102803738,
    0.7073598130841121,
    0.7389018691588785,
    0.7535046728971962,
    0.7809579439252337,
    0.7786214953271028,
    0.7891355140186916,
    0.8329439252336449,
    0.8387850467289719,
    0.8370327102803738,
    0.8411214953271028,
    0.8323598130841121,
    0.8545560747663551,
    0.852803738317757,
    0.8463785046728972,
    0.860981308411215,
    0.844626168224299,
    0.852803738317757,
    0.856892523364486,
    0.866822429906542,
    0.8779205607476636,
    0.8563084112149533,
    0.8720794392523364,
    0.8691588785046729,
    0.8942757009345794,
    0.8896028037383178,
    0.8948598130841121,
    0.893107476635514,
    0.9088785046728972,
    0.9100467289719626,
    0.9065420560747663,
    0.9129672897196262,
    0.9182242990654206,
    0.9264018691588785,
    0.915303738317757,
    0.9211448598130841,
    0.9269859813084113,
    0.9345794392523364,
    0.9410046728971962,
    0.9328271028037384,
    0.9468457943925234,
    0.947429906542056,
    0.9480140186915887,
    0.951518691588785,
    0.9509345794392523,
    0.9643691588785047,
    0.955607476635514,
    0.9620327102803738,
    0.9608644859813084,
    0.959696261682243,
    0.9643691588785047,
    0.9655373831775701,
    0.9667056074766355,
    0.9690420560747663,
    0.9661214953271028,
    0.969626168224299,
    0.9713785046728972,
    0.9737149532710281,
    0.9661214953271028,
    0.9737149532710281,
    0.9737149532710281,
    0.9824766355140186,
    0.9731308411214953,
    0.981892523364486,
    0.9754672897196262,
    0.9789719626168224,
    0.9748831775700935,
    0.977803738317757,
    0.9801401869158879,
    0.9795560747663551,
    0.9813084112149533,
    0.9853971962616822
  ],
  "val_loss": [
    33.15373300987741,
    4.77579909109551,
    1.66007333378429,
    1.776105228325595,
    1.106902221298736,
    0.9623883395739223,
    0.6825803540970968,
    0.43629700593326404,
    0.27620067447423935,
    0.24798611195191092,
    0.23861526795055554,
    0.20855689502280692,
    0.20390770616738693,
    0.20127389839161997,
    0.23080172584108685,
    0.20936345114656116,
    0.2255739236007566,
    0.18938497583503308,
    0.1945213129662949,
    0.19545048847794533,
    0.20283249538877737,
    0.24766949985338294,
    0.1680770232949568,
    0.16627570695203284,
    0.15398467526487683,
    0.18766082612716634,
    0.18837575387695563,
    0.1730029382135557,
    0.18833247896121896,
    0.140925076506708,
    0.1580452159371065,
    0.1804113397779672,
    0.1653210596869821,
    0.19556360108696896,
    0.19561218267873579,
    0.1565310638397932,
    0.1481469885000716,
    0.13551474168248798,
    0.16949414048829806,
    0.15666116450143897,
    0.1621225466546805,
    0.14733538282630237,
    0.15530038734331078,
    0.1431747682230628,
    0.1320670226426876,
    0.15236976548381473,
    0.14929754695976558,
    0.12221314008955074,
    0.14958334637238926,
    0.13123462729803895,
    0.13450783118605614,
    0.15025887448016717,
    0.13440500890188242,
    0.10597616511032633,
    0.10130853290953067,
    0.10189484355404325,
    0.11324723704677561,
    0.12003898782574612,
    0.10479581922940585,
    0.11569267859601456,
    0.10331482484774746,
    0.0986238251156781,
    0.11656253938765629,
    0.1018129420750167,
    0.10954205092528592,
    0.14963256509002784,
    0.1586667301700167,
    0.11778612185836486,
    0.14517700757183458,
    0.10641668615457804,
    0.10975990573997083,
    0.12192941744528386,
    0.10830835246926417,
    0.10017241782549283,
    0.11489155433019219,
    0.13112299943990682,
    0.09438352420440187
  ],
  "val_acc": [
    0.7158469945355191,
    0.8060109289617486,
    0.8442622950819673,
    0.8142076502732241,
    0.8415300546448088,
    0.8224043715846995,
    0.819672131147541,
    0.8497267759562842,
    0.8497267759562842,
    0.8633879781420765,
    0.860655737704918,
    0.8797814207650273,
    0.8743169398907104,
    0.8743169398907104,
    0.8661202185792349,
    0.8852459016393442,
    0.8524590163934426,
    0.8934426229508197,
    0.8879781420765027,
    0.8879781420765027,
    0.8797814207650273,
    0.8224043715846995,
    0.907103825136612,
    0.9234972677595629,
    0.9153005464480874,
    0.8770491803278688,
    0.8989071038251366,
    0.907103825136612,
    0.8879781420765027,
    0.9289617486338798,
    0.912568306010929,
    0.8770491803278688,
    0.8961748633879781,
    0.8743169398907104,
    0.8852459016393442,
    0.9098360655737705,
    0.9153005464480874,
    0.9262295081967213,
    0.9180327868852459,
    0.9234972677595629,
    0.9207650273224044,
    0.9180327868852459,
    0.9207650273224044,
    0.9262295081967213,
    0.9344262295081968,
    0.9234972677595629,
    0.9344262295081968,
    0.9289617486338798,
    0.9289617486338798,
    0.9344262295081968,
    0.9344262295081968,
    0.9234972677595629,
    0.9316939890710383,
    0.953551912568306,
    0.9453551912568307,
    0.9426229508196722,
    0.9398907103825137,
    0.9453551912568307,
    0.9480874316939891,
    0.9480874316939891,
    0.9480874316939891,
    0.9562841530054644,
    0.9398907103825137,
    0.9508196721311475,
    0.9453551912568307,
    0.9344262295081968,
    0.9398907103825137,
    0.9480874316939891,
    0.9398907103825137,
    0.953551912568306,
    0.9453551912568307,
    0.9508196721311475,
    0.9426229508196722,
    0.9562841530054644,
    0.9453551912568307,
    0.9426229508196722,
    0.953551912568306
  ],